Molecule,Description
RAP1GAP_S484,Phosphosite
ABCF2_S349,Phosphosite
MAST3_S146,Phosphosite
S100A9_T113,Phosphosite
FLII_S436,Phosphosite
CEP170B_S655,Phosphosite
CCM2_S384,Phosphosite
TRIM3_S437,Phosphosite
OSBPL3_S265,Phosphosite
DAAM2_S656,Phosphosite
VCPIP1_S768,Phosphosite
RBBP6_S1179,Phosphosite
NCOA5_S34,Phosphosite
SYNM_S1106,Phosphosite
APBA2_S208,Phosphosite
ISCU_S14,Phosphosite
DSN1_S58,Phosphosite
UBE2O_S836,Phosphosite
UBR4_T2715,Phosphosite
RPRD1B_S166,Phosphosite
TOPORS_S585,Phosphosite
USP32_S1372,Phosphosite
CAMSAP1_S1080,Phosphosite
BRF1_S553,Phosphosite
CIR1_S202,Phosphosite
DLGAP1_S134,Phosphosite
ZC3H14_S515,Phosphosite
ARAP1_Y231,Phosphosite
SYNGAP1_S1204,Phosphosite
SSB_S366,Phosphosite
SSBP1_S67,Phosphosite
HNRNPUL1_S718,Phosphosite
ERF_S21,Phosphosite
PKP4_T1017,Phosphosite
ZNF148_S412,Phosphosite
RFFL_S229,Phosphosite
FBXO4_S12,Phosphosite
SIPA1L2_S1029,Phosphosite
S100A13_S32,Phosphosite
CHRNA4_S561,Phosphosite
DDX24_S82,Phosphosite
SYNRG_S469,Phosphosite
CCNL2_S369,Phosphosite
LSP1_S252,Phosphosite
CDK10_T196,Phosphosite
LRFN4_S626,Phosphosite
DAP_S51,Phosphosite
OTUB1_S16,Phosphosite
ABCF1_S109,Phosphosite
IVNS1ABP_S277,Phosphosite
MTCH2_S283,Phosphosite
RUSC2_S536,Phosphosite
ALDOC_S39,Phosphosite
TFAP4_S124,Phosphosite
PRDX1_S32,Phosphosite
ITM2C_T37,Phosphosite
ATN1_S661,Phosphosite
API5_S464,Phosphosite
OGFR_S378,Phosphosite
PDIA6_S428,Phosphosite
ILF3_S382,Phosphosite
ING4_S150,Phosphosite
KLC2_S582,Phosphosite
TRIM24_S808,Phosphosite
ERCC5_S384,Phosphosite
FRY_S2487,Phosphosite
CAAP1_S203,Phosphosite
PPFIA1_S693,Phosphosite
STT3B_S29,Phosphosite
OXSR1_S339,Phosphosite
ITIH2_S60,Phosphosite
PHF6_S155,Phosphosite
RAB4B_S193,Phosphosite
CDK13_T871,Phosphosite
ASMTL_S21,Phosphosite
NAP1L1_S69,Phosphosite
VPS13D_S1724,Phosphosite
SSR3_S11,Phosphosite
KAT7_S57,Phosphosite
RBM8A_S168,Phosphosite
LRRC4C_S631,Phosphosite
CCNL1_S342,Phosphosite
PITPNM1_S300,Phosphosite
STARD10_S284,Phosphosite
SYT4_S135,Phosphosite
CRIP2_S115,Phosphosite
KRT2_S62,Phosphosite
AHNAK2_S280,Phosphosite
AKAP6_S1073,Phosphosite
NKTR_S379,Phosphosite
LYST_S2124,Phosphosite
PACS2_S437,Phosphosite
FSCN1_S39,Phosphosite
GPI_T109,Phosphosite
CAP1_T307,Phosphosite
M6PR_S267,Phosphosite
RUSC1_S720,Phosphosite
SIK2_S358,Phosphosite
INA_S496,Phosphosite
PACSIN2_S399,Phosphosite
NOL3_T149,Phosphosite
JPH3_S710,Phosphosite
PDCD5_S119,Phosphosite
EML3_S176,Phosphosite
NEK3,Kinase
STK25,Kinase
CHEK2,Kinase
GRK4,Kinase
MAP3K8,Kinase
ABL1,Kinase
EPHA3,Kinase
EPHA4,Kinase
EPHA5,Kinase
EPHA6,Kinase
EPHA7,Kinase
ERBB3,Kinase
MKNK1,Kinase
MKNK2,Kinase
IRAK1,Kinase
NEK6,Kinase
PTK6,Kinase
MAP4K3,Kinase
MOK,Kinase
NUAK1,Kinase
CDC7,Kinase
PBK,Kinase
RPS6KA5,Kinase
MARK2,Kinase
MST4,Kinase
MST1,Kinase
CLK4,Kinase
CDK9,Kinase
AKT1S1_S203,Phosphosite
CDK14,Kinase
CDKL5,Kinase
PRKD2,Kinase
EPHB2,Kinase
MET,Kinase
PKM,Kinase
CDK19,Kinase
NEK4,Kinase
AAK1,Kinase
IKBKE,Kinase
LYN,Kinase
PDGFRB,Kinase
SGK2,Kinase
PAK1_S174,Phosphosite
C00535,Small-molecule
C15182,Small-molecule
RAP1GAP,Protein
ABCF2,Protein
MAST3,Protein
S100A9,Protein
FLII,Protein
CEP170B,Protein
CCM2,Protein
TRIM3,Protein
OSBPL3,Protein
DAAM2,Protein
VCPIP1,Protein
RBBP6,Protein
NCOA5,Protein
SYNM,Protein
APBA2,Protein
ISCU,Protein
DSN1,Protein
UBE2O,Protein
UBR4,Protein
RPRD1B,Protein
TOPORS,Protein
USP32,Protein
CAMSAP1,Protein
BRF1,Protein
CIR1,Protein
DLGAP1,Protein
ZC3H14,Protein
SYNGAP1,Protein
SSB,Protein
SSBP1,Protein
HNRNPUL1,Protein
ERF,Protein
PKP4,Protein
ZNF148,Protein
C12111,Small-molecule
C00427,Small-molecule
RFFL,Protein
FBXO4,Protein
C00412,Small-molecule
SIPA1L2,Protein
S100A13,Protein
CHRNA4,Protein
DDX24,Protein
SYNRG,Protein
CCNL2,Protein
LSP1,Protein
CDK10,Protein
LRFN4,Protein
DAP,Protein
OTUB1,Protein
C00506,Small-molecule
ABCF1,Protein
C00187,Small-molecule
C00086,Small-molecule
C00473,Small-molecule
C00301,Small-molecule
C07593,Small-molecule
IVNS1ABP,Protein
MTCH2,Protein
RUSC2,Protein
ALDOC,Protein
TFAP4,Protein
ITM2C,Protein
ATN1,Protein
API5,Protein
OGFR,Protein
PDIA6,Protein
ILF3,Protein
ING4,Protein
C05335,Small-molecule
KLC2,Protein
TRIM24,Protein
ERCC5,Protein
FRY,Protein
CAAP1,Protein
PPFIA1,Protein
STT3B,Protein
OXSR1,Protein
ITIH2,Protein
C01243,Small-molecule
PHF6,Protein
RAB4B,Protein
CDK13,Protein
ASMTL,Protein
C02477,Small-molecule
NAP1L1,Protein
VPS13D,Protein
SSR3,Protein
KAT7,Protein
RBM8A,Protein
LRRC4C,Protein
CCNL1,Protein
PITPNM1,Protein
STARD10,Protein
SYT4,Protein
CRIP2,Protein
KRT2,Protein
AHNAK2,Protein
AKAP6,Protein
NKTR,Protein
LYST,Protein
PACS2,Protein
FSCN1,Protein
GPI,Protein
CAP1,Protein
M6PR,Protein
RUSC1,Protein
SIK2,Protein
INA,Protein
PACSIN2,Protein
NOL3,Protein
JPH3,Protein
PDCD5,Protein
EML3,Protein
CNKSR2_S467,Phosphosite
MAPRE2_S223,Phosphosite
MID1_S96,Phosphosite
SNTA1_S201,Phosphosite
MARCKSL1_T85,Phosphosite
MAP1S_S475,Phosphosite
ADD3_S681,Phosphosite
MATR3_T150,Phosphosite
SPTBN2_S2254,Phosphosite
MAP1S_S643,Phosphosite
APBA1_S568,Phosphosite
RTKN_S106,Phosphosite
ARHGEF12_T736,Phosphosite
USF1_S186,Phosphosite
PIP4K2B_S326,Phosphosite
CNKSR2_S338,Phosphosite
NDRG2_S328,Phosphosite
CDC42EP4_S11,Phosphosite
NMT1_S47,Phosphosite
PACS1_S534,Phosphosite
PRICKLE2_S695,Phosphosite
CCNT2_S548,Phosphosite
CNKSR2_S756,Phosphosite
RBM15_S128,Phosphosite
MAP4K2_S394,Phosphosite
EPB41L2_S57,Phosphosite
RTN4_S860,Phosphosite
LARP1_S774,Phosphosite
CRYAB_S59,Phosphosite
SNTB1_S87,Phosphosite
RBM14_S618,Phosphosite
TCOF1_S583,Phosphosite
PPM1J_S93,Phosphosite
MATR3_S9,Phosphosite
NDRG2_S355,Phosphosite
NGEF_S606,Phosphosite
CKB_S163,Phosphosite
SON_S1697,Phosphosite
NUCKS1_S181,Phosphosite
NDRG2_T330,Phosphosite
PRICKLE2_T534,Phosphosite
ARHGEF12_S341,Phosphosite
CNKSR2_S335,Phosphosite
SOX10_S45,Phosphosite
CTNND2_S267,Phosphosite
ACACA_S80,Phosphosite
KCNA1_S446,Phosphosite
LARP1_S548,Phosphosite
SLC4A1_S350,Phosphosite
SPTBN1_S2319,Phosphosite
HDLBP_S31,Phosphosite
HDLBP_S317,Phosphosite
SRSF11_S207,Phosphosite
MINK1_S763,Phosphosite
EPB41L2_S58,Phosphosite
ATXN2_S684,Phosphosite
SLC1A3_S512,Phosphosite
USP20_S413,Phosphosite
SRSF11,Protein
ACLY_S481,Phosphosite
HMGCS1_S495,Phosphosite
AGPS_S65,Phosphosite
CAD_S1406,Phosphosite
RALBP1_S93,Phosphosite
EFHD2_S74,Phosphosite
ATXN2_T771,Phosphosite
WRNIP1_S92,Phosphosite
PDE8B_S517,Phosphosite
CDC42EP1_S101,Phosphosite
RBM15_T568,Phosphosite
CNKSR2_T339,Phosphosite
SLC8A1_S284,Phosphosite
AMOT,Protein
GNG3_S9,Phosphosite
HUWE1_T2889,Phosphosite
PRICKLE2_S806,Phosphosite
LSM11_S15,Phosphosite
CKB_S199,Phosphosite
CDC42EP1_S192,Phosphosite
NDRG1_S336,Phosphosite
SSTR2_S343,Phosphosite
ZC3HC1_S395,Phosphosite
SON_S283,Phosphosite
PRICKLE2_S753,Phosphosite
CNKSR2_S390,Phosphosite
RIMS1_S1339,Phosphosite
PDE4B_S732,Phosphosite
RBM15_S700,Phosphosite
PABPN1_S95,Phosphosite
WRNIP1_S153,Phosphosite
CCDC6_S244,Phosphosite
EPS15L1_S229,Phosphosite
RAPGEF2_S1115,Phosphosite
ACLY_S455,Phosphosite
CHAF1B_S410,Phosphosite
PDE7B_S45,Phosphosite
GPM6A_S267,Phosphosite
GTF3C2_S167,Phosphosite
DGKB_T117,Phosphosite
RIMS1_S1340,Phosphosite
USP20_S373,Phosphosite
RBM14_S627,Phosphosite
CCNK_S328,Phosphosite
BCKDHA_S337,Phosphosite
RAPGEF2_S930,Phosphosite
HUWE1_S3662,Phosphosite
NDRG2_S344,Phosphosite
CBX1,Protein
PTPRU,Protein
RIMS1_S1342,Phosphosite
PGM2L1_S175,Phosphosite
EPS15L1_S255,Phosphosite
TRA2B_T33,Phosphosite
SNIP1_S35,Phosphosite
CDK12_S423,Phosphosite
COPB2_S859,Phosphosite
NDRG2_S346,Phosphosite
CDK12_T692,Phosphosite
PPP1R9A_S95,Phosphosite
WNK1_S2032,Phosphosite
AKAP12_S19,Phosphosite
ZC3HC1_S321,Phosphosite
PIK3C2A_S259,Phosphosite
PCM1_S1768,Phosphosite
HERC1_S2710,Phosphosite
AKAP11_S1171,Phosphosite
LSM11_S21,Phosphosite
TNKS1BP1_S691,Phosphosite
ADD2_S613,Phosphosite
SENP3_S232,Phosphosite
RIMS1_S1280,Phosphosite
SSH3,Protein
STRN3_S257,Phosphosite
SSH3_S37,Phosphosite
RBM10_S89,Phosphosite
TRA2B_S37,Phosphosite
CERS4,Protein
SIN3B_S1003,Phosphosite
GTF3C2_S893,Phosphosite
SPTBN1_S2338,Phosphosite
ZCCHC8_T479,Phosphosite
USP11_S953,Phosphosite
PGM2L1,Protein
LARP1_T649,Phosphosite
SUDS3_S236,Phosphosite
PDE8A_S457,Phosphosite
COPB2,Protein
PPIG_T358,Phosphosite
PKP2_S154,Phosphosite
SPTBN1_S2164,Phosphosite
PKP2_S151,Phosphosite
MINK1,Protein
NDRG1_T328,Phosphosite
GLRB_S425,Phosphosite
RANBP10_S369,Phosphosite
SMARCC1_S328,Phosphosite
ATP8A1_S25,Phosphosite
ENO1_S419,Phosphosite
PPIG,Protein
SNTB1_S389,Phosphosite
SEC31A_S1163,Phosphosite
ANKRD17_S2047,Phosphosite
SNTB1_S219,Phosphosite
FBXL20_S425,Phosphosite
HERC2_S4810,Phosphosite
MATR3_S188,Phosphosite
KCNH2_S320,Phosphosite
PHGDH_T78,Phosphosite
TMPO_T160,Phosphosite
GORASP1_T216,Phosphosite
ARAP1,Protein
RBM10_S723,Phosphosite
RSF1_S748,Phosphosite
MTMR1_S653,Phosphosite
AKAP12_S698,Phosphosite
ZBTB7A_S337,Phosphosite
CACNA1E_S14,Phosphosite
SPTBN1_T2337,Phosphosite
SPTBN1_S2340,Phosphosite
BASP1_S142,Phosphosite
PTPRU_S853,Phosphosite
RSF1_T628,Phosphosite
PHKB_S701,Phosphosite
TTYH3_S522,Phosphosite
CRYAB_S76,Phosphosite
NMT1,Protein
ATP2B2_S1242,Phosphosite
SNIP1_S52,Phosphosite
RRAS2_S186,Phosphosite
RTN4_S863,Phosphosite
TPPP_S32,Phosphosite
SLC4A4,Protein
CBX3_S95,Phosphosite
MAP1S_S640,Phosphosite
NDRG1_S330,Phosphosite
EPB41L2_S499,Phosphosite
PIP4K2B_T322,Phosphosite
SUDS3_S234,Phosphosite
NME2_T94,Phosphosite
ADD2_S701,Phosphosite
GFAP_Y14,Phosphosite
NAB2_S171,Phosphosite
SNTA1_S189,Phosphosite
PGK1_Y196,Phosphosite
CDH10,Protein
TRA2B_T201,Phosphosite
DEK_S32,Phosphosite
TMPO_T74,Phosphosite
GIGYF1_S538,Phosphosite
PPP1R9A_S338,Phosphosite
TRA2B_S95,Phosphosite
CTPS2_S568,Phosphosite
ACAP2_S521,Phosphosite
DPYSL3_T508,Phosphosite
STRN3_S229,Phosphosite
PHKB_S700,Phosphosite
FASN_S1411,Phosphosite
PPIG_S717,Phosphosite
SPTBN1_T2335,Phosphosite
HCN2_S868,Phosphosite
ANKRD17_S2045,Phosphosite
ARPC5_S77,Phosphosite
ENO1_S263,Phosphosite
CAV2_Y27,Phosphosite
ADD3_S423,Phosphosite
RBM15_S51,Phosphosite
WRNIP1_S91,Phosphosite
SET_S7,Phosphosite
TNIP1_S403,Phosphosite
HERC2_S4811,Phosphosite
PPIG_S356,Phosphosite
SON_T1555,Phosphosite
PCM1_S1776,Phosphosite
PPIG_S687,Phosphosite
TPPP_S35,Phosphosite
PPM1J_S76,Phosphosite
ZBTB7A_S525,Phosphosite
TRA2B_S97,Phosphosite
CNKSR2_S505,Phosphosite
UBA1_S13,Phosphosite
MYH9_S1943,Phosphosite
PDAP1_S57,Phosphosite
TTYH3,Protein
EAPP_S109,Phosphosite
EAPP_S111,Phosphosite
UBA1_S835,Phosphosite
SPTBN1_S2161,Phosphosite
SNTB1_T214,Phosphosite
KCNH2_S1137,Phosphosite
RPS27_S11,Phosphosite
SND1_S426,Phosphosite
BCKDHA_S347,Phosphosite
PPIG_S290,Phosphosite
SPTBN1_S2102,Phosphosite
TAOK1_S421,Phosphosite
RSRC2_S32,Phosphosite
BASP1_T31,Phosphosite
NGEF,Protein
MDH1_S242,Phosphosite
CRYAB_S19,Phosphosite
PCM1_S65,Phosphosite
USP20_S134,Phosphosite
MDH1_S241,Phosphosite
PCM1_S68,Phosphosite
LZTS2_S570,Phosphosite
ZC3HC1_S62,Phosphosite
MYEF2_S17,Phosphosite
SLC24A2_S336,Phosphosite
PACS1_T46,Phosphosite
CAV2_S23,Phosphosite
OSBP_S238,Phosphosite
ZBTB7A_S526,Phosphosite
NUCKS1_S223,Phosphosite
EPS15L1_S355,Phosphosite
ABLIM1_S706,Phosphosite
PPIG_S397,Phosphosite
AKAP12_T597,Phosphosite
KCNA1,Protein
CTNNA3_S637,Phosphosite
PPIG_T611,Phosphosite
RTN4_S184,Phosphosite
FTH1_S183,Phosphosite
PPIG_S415,Phosphosite
ADD2_S604,Phosphosite
DPYSL3_T507,Phosphosite
HDLBP_S944,Phosphosite
CNP_S22,Phosphosite
CDH10_S784,Phosphosite
CGN_S338,Phosphosite
STMN3_S60,Phosphosite
PPME1_T242,Phosphosite
CDK11B_T595,Phosphosite
TAGLN2_S163,Phosphosite
CLTC_S1494,Phosphosite
FTH1_S179,Phosphosite
USP11_S948,Phosphosite
ANKRD17_S2044,Phosphosite
SEC31A_S799,Phosphosite
SON_S2009,Phosphosite
ATP2B2_T1241,Phosphosite
USP20_S132,Phosphosite
CNKSR2_S908,Phosphosite
SON_S2011,Phosphosite
EMSY_S209,Phosphosite
FTH1_T175,Phosphosite
AKAP12_S598,Phosphosite
HERC2_S4814,Phosphosite
PPIG_S413,Phosphosite
PI4K2A_S47,Phosphosite
SPHK2_S107,Phosphosite
RTN4_S182,Phosphosite
STMN3_S73,Phosphosite
PGAM1_S118,Phosphosite
TRA2B_S99,Phosphosite
TPPP_S45,Phosphosite
RSF1_S1375,Phosphosite
RRAS_S201,Phosphosite
CBX3_S97,Phosphosite
MAP4K2_S328,Phosphosite
PKN2_T958,Phosphosite
GORASP1_S241,Phosphosite
BLVRA_S237,Phosphosite
ATP1A1_T219,Phosphosite
JUND_S251,Phosphosite
NTRK3_S561,Phosphosite
SV2A_S81,Phosphosite
BCAM_S598,Phosphosite
PACS1_S781,Phosphosite
QDPR_S223,Phosphosite
HUWE1_S1907,Phosphosite
CERS4_S349,Phosphosite
HERC1_S1428,Phosphosite
SON_S2013,Phosphosite
HCN2_S779,Phosphosite
HERC2_S1942,Phosphosite
PDCL_S25,Phosphosite
RSRC2_S222,Phosphosite
ABLIM1_S452,Phosphosite
PHGDH_T57,Phosphosite
SV2A_T84,Phosphosite
SV2A_S80,Phosphosite
OSBP_S240,Phosphosite
ADCY9_S365,Phosphosite
MCRIP1_S21,Phosphosite
MDC1_S299,Phosphosite
SLC4A4_S1026,Phosphosite
ADD2_S11,Phosphosite
CERS4_S347,Phosphosite
PHGDH_S55,Phosphosite
CLTC_Y1487,Phosphosite
AKAP12_T285,Phosphosite
DPYSL3_T514,Phosphosite
EIF2B5_S544,Phosphosite
CALD1_S202,Phosphosite
AKAP12_S557,Phosphosite
CDK12_T893,Phosphosite
RGS19_S97,Phosphosite
HCN2_S146,Phosphosite
PPIG_S744,Phosphosite
PPIG_S745,Phosphosite
LARP1_S225,Phosphosite
SPTBN1_S446,Phosphosite
DPYSL3_S518,Phosphosite
STMN3_S68,Phosphosite
FNIP1_S760,Phosphosite
NUCKS1_T202,Phosphosite
TACC2_S2226,Phosphosite
CLTC_T411,Phosphosite
CERS4_S342,Phosphosite
DDB2_S26,Phosphosite
CTNND2_S1065,Phosphosite
ATP2B2_S1150,Phosphosite
APBA1_S263,Phosphosite
YAP1_T110,Phosphosite
SPTBN1_T2155,Phosphosite
BCAM_S596,Phosphosite
CLIP2_S49,Phosphosite
GORASP2_S451,Phosphosite
PDAP1_S60,Phosphosite
NUCKS1_S214,Phosphosite
RSF1_S1345,Phosphosite
DPYSL5_T509,Phosphosite
PDAP1_S63,Phosphosite
NUCKS1_S204,Phosphosite
DPYSL5_T514,Phosphosite
CKB_T35,Phosphosite
EPB41L2_S87,Phosphosite
BCKDK,Kinase
CCDC88A,Protein
GSK3B_T390,Phosphosite
PRKD3,Kinase
NEK1_S837,Phosphosite
NEK1_S1126,Phosphosite
NEK1_S653,Phosphosite
STK39,Protein
CSNK2B_S209,Phosphosite
WNK2_S1818,Phosphosite
DYRK2,Kinase
PRKCG_S321,Phosphosite
TNIK_S680,Phosphosite
TNIK_S688,Phosphosite
PDK3,Kinase
PDK4,Kinase
PRKAA1_S496,Phosphosite
ACTR2,Kinase
RBM39_S97,Phosphosite
RBM39_S136,Phosphosite
BAG3_S173,Phosphosite
AMOT_S714,Phosphosite
HSPA1B_S418,Phosphosite
DAPK2,Kinase
ARHGEF6_S225,Phosphosite
PEA15_S116,Phosphosite
NUP214_T436,Phosphosite
NUP214_S678,Phosphosite
CGN,Protein
RANBP2_S1509,Phosphosite
RANBP2_S1400,Phosphosite
RANBP2_S21,Phosphosite
CBX1_S89,Phosphosite
SENP3,Protein
PI4KB,Protein
TLN2,Protein
VCL_S346,Phosphosite
PLK3,Kinase
STK38,Kinase
TCEA1_S100,Phosphosite
NOP56_S570,Phosphosite
NOP56_S520,Phosphosite
MDC1,Protein
YY1_S247,Phosphosite
SRRM1_S209,Phosphosite
SRRM1_S560,Phosphosite
SRRM1_S389,Phosphosite
SRRM1_S616,Phosphosite
SRRM1_S769,Phosphosite
SRRM1_T406,Phosphosite
SRRM1_T572,Phosphosite
SRRM1_T574,Phosphosite
SRRM1_S450,Phosphosite
SRRM1_T581,Phosphosite
PI4KB_S266,Phosphosite
ACBD3,Protein
MARCKS_S145,Phosphosite
MARCKS_S132,Phosphosite
MARCKS_S134,Phosphosite
MARCKS_S131,Phosphosite
MARCKS_T133,Phosphosite
MARCKS_S77,Phosphosite
MARCKS_T120,Phosphosite
HNRNPA1_S6,Phosphosite
TERF2_S365,Phosphosite
NSFL1C_S140,Phosphosite
NCBP1_S7,Phosphosite
NUP210_T1844,Phosphosite
THRAP3,Protein
BCLAF1_S648,Phosphosite
BCLAF1_S290,Phosphosite
BCLAF1_S496,Phosphosite
BCLAF1_S177,Phosphosite
BCLAF1_S287,Phosphosite
BCLAF1_S512,Phosphosite
BCLAF1_S285,Phosphosite
BCLAF1_S658,Phosphosite
BCLAF1_S102,Phosphosite
BCLAF1_S222,Phosphosite
BCLAF1_S760,Phosphosite
BCLAF1_S161,Phosphosite
BCLAF1_S268,Phosphosite
WASL_S484,Phosphosite
WASL_S485,Phosphosite
LMNA_S404,Phosphosite
LMNA_S407,Phosphosite
HSP90AA1_S263,Phosphosite
BAG6,Protein
SGTA_S84,Phosphosite
LMNB2_S37,Phosphosite
PURB_S304,Phosphosite
PURA,Protein
PURB_S100,Phosphosite
SRRM2_T1939,Phosphosite
SRRM2_T1511,Phosphosite
SRRM2_S1519,Phosphosite
SRRM2_S2426,Phosphosite
SRRM2_S1693,Phosphosite
SRRM2_T2034,Phosphosite
SRRM2_S1501,Phosphosite
SRRM2_T251,Phosphosite
SRRM2_S972,Phosphosite
SRRM2_T2069,Phosphosite
SRRM2_S2032,Phosphosite
SRRM2_T983,Phosphosite
SRRM2_S839,Phosphosite
SRRM2_S2100,Phosphosite
SRRM2_S1972,Phosphosite
SRRM2_S2067,Phosphosite
SRRM2_S1691,Phosphosite
SRRM2_S1672,Phosphosite
SRRM2_S1674,Phosphosite
SRRM2_S1694,Phosphosite
SRRM2_S1329,Phosphosite
SRRM2_S1925,Phosphosite
SRRM2_T1927,Phosphosite
SRRM2_S250,Phosphosite
SRRM2_S1762,Phosphosite
SRRM2_S2702,Phosphosite
SRRM2_S2046,Phosphosite
SRRM2_S1764,Phosphosite
SRRM2_S2042,Phosphosite
SRRM2_S2044,Phosphosite
SRRM2_S1103,Phosphosite
SRRM2_T866,Phosphosite
SRRM2_T2409,Phosphosite
SRRM2_S837,Phosphosite
SRRM2_S914,Phosphosite
SRRM2_S1975,Phosphosite
SRRM2_S1869,Phosphosite
SRRM2_S2581,Phosphosite
SRRM2_T810,Phosphosite
SRRM2_T792,Phosphosite
SRRM2_T1003,Phosphosite
SRRM2_S1675,Phosphosite
SRRM2_T1043,Phosphosite
SRRM2_S454,Phosphosite
SRRM2_S1854,Phosphosite
SRRM2_S1326,Phosphosite
SRRM2_S780,Phosphosite
SRRM2_S1857,Phosphosite
SRRM2_S1601,Phosphosite
SRRM2_S248,Phosphosite
SRRM2_S377,Phosphosite
SRRM2_S353,Phosphosite
SRRM2_S297,Phosphosite
SRRM2_S2740,Phosphosite
SRRM2_T2738,Phosphosite
SRRM2_S954,Phosphosite
SRRM2_S1916,Phosphosite
SRRM2_T1974,Phosphosite
SRRM2_S2020,Phosphosite
SRRM2_T2022,Phosphosite
SRRM2_S323,Phosphosite
SRRM2_T848,Phosphosite
SRRM2_S456,Phosphosite
SRRM2_S510,Phosphosite
SRRM2_T2104,Phosphosite
SRRM2_T2397,Phosphosite
SRRM2_S351,Phosphosite
SRRM2_S895,Phosphosite
SRRM2_S486,Phosphosite
SRRM2_S820,Phosphosite
SRRM2_S1444,Phosphosite
SRRM2_T1986,Phosphosite
SRRM2_S398,Phosphosite
SRRM2_S1112,Phosphosite
SRRM2_S908,Phosphosite
SRRM2_S783,Phosphosite
SRRM2_S894,Phosphosite
SNX1,Protein
SNX2_S185,Phosphosite
ST13_S79,Phosphosite
ST13_S75,Phosphosite
DKC1_S494,Phosphosite
DKC1_S451,Phosphosite
TJP2_T925,Phosphosite
TJP2_T933,Phosphosite
TJP2_S398,Phosphosite
TJP2_S1067,Phosphosite
TJP2_S1068,Phosphosite
BAIAP2_S325,Phosphosite
STX1B,Protein
VAMP4_S30,Phosphosite
FAF1_S270,Phosphosite
BRAP,Protein
KSR1_S406,Phosphosite
DDX23_S107,Phosphosite
DDX23_S109,Phosphosite
CD2BP2,Protein
DDX23_S14,Phosphosite
RBSN_S215,Phosphosite
EHD1,Protein
USF1,Protein
IWS1_S398,Phosphosite
IWS1_S511,Phosphosite
IWS1_S513,Phosphosite
IWS1_S438,Phosphosite
IWS1_S440,Phosphosite
IWS1_S400,Phosphosite
IWS1_S313,Phosphosite
IWS1_S377,Phosphosite
IWS1_S420,Phosphosite
PRKAG2_S113,Phosphosite
GPS1_S474,Phosphosite
COPS3,Protein
SRSF1_S205,Phosphosite
DLG2,Protein
VPS4A_S95,Phosphosite
NSFL1C,Protein
VCP_S748,Phosphosite
UBXN1,Protein
VCP_S775,Phosphosite
SMARCC2_S304,Phosphosite
SMARCC2_S302,Phosphosite
DNAJC5_S15,Phosphosite
DNAJC5_S10,Phosphosite
STX4_S15,Phosphosite
STX4_S117,Phosphosite
SRSF9_S216,Phosphosite
CCNY_S336,Phosphosite
RBSN,Protein
EHD1_S456,Phosphosite
MAP3K3,Kinase
CTNNA3,Protein
RPLP2_S17,Phosphosite
RPLP2_S102,Phosphosite
KCND3_S535,Phosphosite
SMARCA2_S329,Phosphosite
SMARCA2_S1528,Phosphosite
SMARCA2_S1512,Phosphosite
SMARCA2_S1516,Phosphosite
CAMKK1_S475,Phosphosite
KPNB1_S12,Phosphosite
RANBP3,Protein
RCC1_S11,Phosphosite
PURA_T183,Phosphosite
PURB,Protein
DLG2_S323,Phosphosite
RPL12_S38,Phosphosite
ATR,Kinase
CFL1_S24,Phosphosite
CFL1_S156,Phosphosite
CFL1_S23,Phosphosite
THRAP3_S408,Phosphosite
CDK16_S153,Phosphosite
CDK16_S138,Phosphosite
EIF4ENIF1_S138,Phosphosite
EIF4ENIF1_S587,Phosphosite
TBC1D25,Protein
GABARAPL2_S10,Phosphosite
RPLP0_S307,Phosphosite
ITSN1_S986,Phosphosite
ITSN1_S1137,Phosphosite
HNRNPD_S80,Phosphosite
BRAP_S117,Phosphosite
KDM1A_S166,Phosphosite
KDM1A_S137,Phosphosite
AMPH_S506,Phosphosite
AMPH_S549,Phosphosite
EIF3B_S95,Phosphosite
RAB8A_S185,Phosphosite
RAB8A_S181,Phosphosite
GAPDH_T246,Phosphosite
GAPDH_T237,Phosphosite
GTF2I_S784,Phosphosite
PRPF3_S619,Phosphosite
VAMP4,Protein
STXBP5,Protein
STX1A_S64,Phosphosite
SNX2,Protein
SNX1_S188,Phosphosite
SNX1_S32,Phosphosite
SNX1_S25,Phosphosite
SNX1_T41,Phosphosite
SNX1_S39,Phosphosite
SNW1_S224,Phosphosite
STK3,Kinase
NUP98_S612,Phosphosite
SORBS1_S953,Phosphosite
EEF1D_S133,Phosphosite
EEF1D_S162,Phosphosite
UBAP2L,Protein
HDAC2_S394,Phosphosite
STX1B_S14,Phosphosite
PTK2_S910,Phosphosite
GAK_S778,Phosphosite
GAK_S770,Phosphosite
GAK_S829,Phosphosite
RPS3_T220,Phosphosite
STXBP5_S1058,Phosphosite
EIF3G_T41,Phosphosite
GIT1_S46,Phosphosite
TBC1D25_S506,Phosphosite
RAD23B_S160,Phosphosite
SPRED1_S238,Phosphosite
NOLC1_S698,Phosphosite
HSPD1_S70,Phosphosite
USP10_S365,Phosphosite
USP10_S211,Phosphosite
PPP1R7_S24,Phosphosite
TRIM28_S598,Phosphosite
TRIM28_S594,Phosphosite
TRIM28_S596,Phosphosite
CHMP2A_S203,Phosphosite
SERBP1_S328,Phosphosite
CBX5_S12,Phosphosite
CBX5_S13,Phosphosite
CBX5_S14,Phosphosite
TLN2_T1843,Phosphosite
MAPRE3_T161,Phosphosite
GPS1,Protein
COPS3_S410,Phosphosite
PPP1R7,Protein
EIF4B_S504,Phosphosite
EIF5B_S190,Phosphosite
EIF5B_S137,Phosphosite
EIF5B_S113,Phosphosite
EIF5B_S107,Phosphosite
EIF5B_S214,Phosphosite
EIF5B_S164,Phosphosite
EIF5B_S589,Phosphosite
EIF5B_S186,Phosphosite
EIF4E_S209,Phosphosite
EIF4ENIF1,Protein
EIF4G3,Protein
SH3GL1_S287,Phosphosite
USP14_S143,Phosphosite
EEF1B2_S8,Phosphosite
BAG6_T1080,Phosphosite
DCTN6_T186,Phosphosite
CCDC88A_S1417,Phosphosite
CCDC88A_S1675,Phosphosite
ASAP1_S1008,Phosphosite
ASAP1_S717,Phosphosite
PABPN1,Protein
SIN3A_S860,Phosphosite
SIN3A_S832,Phosphosite
UBXN1_S200,Phosphosite
ACBD3_S43,Phosphosite
CTNND1_T310,Phosphosite
CTNND1_S252,Phosphosite
CTNND1_S269,Phosphosite
CTNND1_S288,Phosphosite
DEPTOR_S265,Phosphosite
HTT_S1874,Phosphosite
CACNA1A_T409,Phosphosite
MTA1_S449,Phosphosite
STK39_S370,Phosphosite
STK39_T354,Phosphosite
TP53BP1_S1219,Phosphosite
TRKA,Kinase
TRKB,Kinase
STMN1_S63,Phosphosite
DNAJC6_S11,Phosphosite
DBN1_S142,Phosphosite
STUB1_S273,Phosphosite
GATAD2B_S129,Phosphosite
ERBB2,Kinase
KIT,Kinase
INSR,Kinase
CBX5,Protein
ATRX_S875,Phosphosite
ATRX_S729,Phosphosite
ATRX_S731,Phosphosite
ATRX_S1352,Phosphosite
ATRX_S849,Phosphosite
ELMO1_S344,Phosphosite
TUBA4A_S48,Phosphosite
SERBP1,Protein
EMSY,Protein
SIRT2_S364,Phosphosite
SIRT2_S372,Phosphosite
SIRT2_T101,Phosphosite
SIRT2_S23,Phosphosite
UBAP2L_S454,Phosphosite
UBAP2L_S467,Phosphosite
TJP1_S912,Phosphosite
RBM39,Protein
U2AF2_S79,Phosphosite
CACNG2_S247,Phosphosite
CACNG2_S249,Phosphosite
USP8_S719,Phosphosite
USP8_S718,Phosphosite
CAMK1G,Kinase
SPRED1,Protein
NF1_S2543,Phosphosite
PKD3,Kinase
RANBP3_S333,Phosphosite
RANBP3_S539,Phosphosite
MAP1B_S614,Phosphosite
EIF4G3_S495,Phosphosite
EIF4G3_S1409,Phosphosite
EIF5_S389,Phosphosite
EIF5_S390,Phosphosite
PARD6A_S345,Phosphosite
KCNB1_S805,Phosphosite
USP10,Protein
G3BP2_S225,Phosphosite
G3BP2_S235,Phosphosite
NUP153_S192,Phosphosite
ULK1_S758,Phosphosite
DYNC1LI1_S510,Phosphosite
DYNC1LI1_S523,Phosphosite
DYNC1LI2_S205,Phosphosite
DYNC1LI2_S194,Phosphosite
CD2BP2_S195,Phosphosite
PRKCA_T228,Phosphosite
NEFM_S553,Phosphosite
NEFM_S788,Phosphosite
NEFM_S559,Phosphosite
NEFM_S783,Phosphosite
NEFM_S670,Phosphosite
KCNQ2_S472,Phosphosite
KCNQ2_S476,Phosphosite
KCNQ2_S672,Phosphosite
XRCC1_T453,Phosphosite
FGFR3_S445,Phosphosite
NEFL_S59,Phosphosite
NEFL_S61,Phosphosite
MAP4K4,Kinase
TTBK2,Kinase
EPHB1_S979,Phosphosite
CIT,Kinase
PNKP_T118,Phosphosite
LATS1_S613,Phosphosite
STK38L,Kinase
STK10,Kinase
BCKDK_T32,Phosphosite
BCKDK_S31,Phosphosite
MARK1_S423,Phosphosite
MARK1_S394,Phosphosite
MARK1_S393,Phosphosite
RPS6KA2_S218,Phosphosite
STK38L_S282,Phosphosite
PAK1_S223,Phosphosite
PAK1_S144,Phosphosite
STK10_T185,Phosphosite
SLK_S189,Phosphosite
C00242,Small-molecule
C16150,Small-molecule
C00757,Small-molecule
C07886,Small-molecule
C07589,Small-molecule
C00327,Small-molecule
C10387,Small-molecule
C01576,Small-molecule
C16453,Small-molecule
C09731,Small-molecule
C00745,Small-molecule
C14131,Small-molecule
C10417,Small-molecule
C05011,Small-molecule
C07610,Small-molecule
C07185,Small-molecule
C04677,Small-molecule
C00805,Small-molecule
C07056,Small-molecule
CNKSR2,Protein
MAPRE2,Protein
MID1,Protein
SNTA1,Protein
MAP1S,Protein
ADD3,Protein
MATR3,Protein
APBA1,Protein
RTKN,Protein
PIP4K2B,Protein
C05151,Small-molecule
C09155,Small-molecule
CDC42EP4,Protein
PRICKLE2,Protein
RBM15,Protein
MAP4K2,Protein
EPB41L2,Protein
LARP1,Protein
CRYAB,Protein
SNTB1,Protein
RBM14,Protein
TCOF1,Protein
PPM1J,Protein
C00051,Small-molecule
SON,Protein
NUCKS1,Protein
ACACA,Protein
HDLBP,Protein
C07669,Small-molecule
C14767,Small-molecule
C14762,Small-molecule
ATXN2,Protein
USP20,Protein
EFHD2,Protein
WRNIP1,Protein
CDC42EP1,Protein
HUWE1,Protein
LSM11,Protein
NDRG1,Protein
ZC3HC1,Protein
CCDC6,Protein
EPS15L1,Protein
CHAF1B,Protein
GPM6A,Protein
GTF3C2,Protein
C11250,Small-molecule
CDK12,Protein
PPP1R9A,Protein
C05697,Small-molecule
C00928,Small-molecule
STRN3,Protein
RBM10,Protein
C00836,Small-molecule
C00319,Small-molecule
C12126,Small-molecule
C00131,Small-molecule
C00459,Small-molecule
C00458,Small-molecule
C00286,Small-molecule
ZCCHC8,Protein
USP11,Protein
C11228,Small-molecule
RANBP10,Protein
C00084,Small-molecule
C08039,Small-molecule
C01926,Small-molecule
C01477,Small-molecule
ANKRD17,Protein
FBXL20,Protein
HERC2,Protein
KCNH2,Protein
PHGDH,Protein
TMPO,Protein
GORASP1,Protein
RSF1,Protein
ZBTB7A,Protein
BASP1,Protein
C00189,Small-molecule
ATP2B2,Protein
RRAS2,Protein
C13038,Small-molecule
NAB2,Protein
GIGYF1,Protein
ACAP2,Protein
CAV2,Protein
SET,Protein
TNIP1,Protein
PDAP1,Protein
EAPP,Protein
RPS27,Protein
SND1,Protein
RSRC2,Protein
MDH1,Protein
LZTS2,Protein
MYEF2,Protein
OSBP,Protein
ABLIM1,Protein
STMN3,Protein
TAGLN2,Protein
C13780,Small-molecule
NTRK3,Protein
SV2A,Protein
BCAM,Protein
PDCL,Protein
MCRIP1,Protein
EIF2B5,Protein
FNIP1,Protein
C11042,Small-molecule
C06501,Small-molecule
C00165,Small-molecule
C02067,Small-molecule
PREX1_S436,Phosphosite
CARHSP1_S30,Phosphosite
RALBP1_S92,Phosphosite
PDE4A_S209,Phosphosite
PLCD3_S496,Phosphosite
LASP1_S146,Phosphosite
CDK11B,Protein
NFYA_S326,Phosphosite
MYH9,Protein
ETV6_S213,Phosphosite
SRSF9,Protein
UBA1,Protein
ARPC5,Protein
UBE2J1,Protein
MAP3K12_S11,Phosphosite
HSPD1,Protein
PTDSS2,Protein
HDAC7_S155,Phosphosite
RCSD1_S216,Phosphosite
RALBP1,Protein
TNKS1BP1,Protein
HERC1_T2701,Phosphosite
PTS_S19,Phosphosite
PRDM2_S643,Phosphosite
DPYSL3_S522,Phosphosite
FEZ1_S58,Phosphosite
TAGLN_S181,Phosphosite
CKB_S285,Phosphosite
PTDSS2_S16,Phosphosite
UBE2J1_S184,Phosphosite
PPP1R12C_S452,Phosphosite
ACVR2B,Kinase
PLK2,Kinase
PTS,Protein
GRK6,Kinase
SUGT1_T265,Phosphosite
TLK2,Kinase
YWHAE_T208,Phosphosite
GRK7,Kinase
G3BP2,Protein
BMPR2_S862,Phosphosite
VAMP2_S80,Phosphosite
AP2M1_T156,Phosphosite
PIM2,Kinase
G3BP2_T226,Phosphosite
G3BP2_T227,Phosphosite
PLK4,Kinase
C07441,Small-molecule
C07074,Small-molecule
C01272,Small-molecule
PREX1,Protein
CARHSP1,Protein
C01673,Small-molecule
C02236,Small-molecule
C07313,Small-molecule
PDE4A,Protein
PLCD3,Protein
LASP1,Protein
C01602,Small-molecule
C00712,Small-molecule
C02165,Small-molecule
C00942,Small-molecule
HERC1,Protein
NFYA,Protein
C06428,Small-molecule
C01595,Small-molecule
C06427,Small-molecule
ETV6,Protein
MAP3K12,Protein
C01443,Small-molecule
HDAC7,Protein
RCSD1,Protein
PRDM2,Protein
FEZ1,Protein
TAGLN,Protein
PPP1R12C,Protein
C02737,Small-molecule
SUB1_S19,Phosphosite
WNK2,Kinase
PRKRA_S18,Phosphosite
NEDD4L_S487,Phosphosite
CACNA1E_S855,Phosphosite
PRKRA_T20,Phosphosite
AKAP11_S448,Phosphosite
CTNND2_T472,Phosphosite
ERRFI1_S251,Phosphosite
PACS1_S430,Phosphosite
FXYD1_S83,Phosphosite
PRKAB1_S24,Phosphosite
TACC2_S2390,Phosphosite
LRRC7_T867,Phosphosite
CLIP2_S207,Phosphosite
PHKA2_S729,Phosphosite
CTNND2_S32,Phosphosite
PCM1_S431,Phosphosite
ADCY6_S54,Phosphosite
RIN1_S333,Phosphosite
PYGO2_T302,Phosphosite
MTMR2_S58,Phosphosite
RASGRF2_S727,Phosphosite
CLIP2_S211,Phosphosite
CTNND2_S1072,Phosphosite
SPAG9_S733,Phosphosite
JUND_S255,Phosphosite
AKAP11_T1100,Phosphosite
AKAP12_S612,Phosphosite
RIN1_S351,Phosphosite
ADD2_S693,Phosphosite
DPYSL3_T509,Phosphosite
FXYD1_T79,Phosphosite
LMNB1,Protein
POLR2A_S1892,Phosphosite
PDCD4_S457,Phosphosite
POLR2A_S1917,Phosphosite
CTNND2_S460,Phosphosite
CACNB2,Protein
GLUL_S322,Phosphosite
SUB1_S17,Phosphosite
PHKA2,Protein
CTNND2_S537,Phosphosite
PDCD4,Protein
SRRM1,Protein
KSR2_T272,Phosphosite
RRAS,Protein
LEO1_S630,Phosphosite
CANX,Protein
CTR9_S943,Phosphosite
CD2AP,Protein
SLC12A5_S963,Phosphosite
MEF2A_S408,Phosphosite
SRRM2,Protein
PIAS1_S503,Phosphosite
SNCG_S124,Phosphosite
PACS1_S762,Phosphosite
RIN1_S258,Phosphosite
PRDX1,Protein
TJP2,Protein
CACNA1E,Protein
FAF1,Protein
PACS1_T763,Phosphosite
LEO1_S658,Phosphosite
IWS1,Protein
MTMR1,Protein
TALDO1,Protein
SRSF1,Protein
AKAP12_S629,Phosphosite
SLC2A1_S490,Phosphosite
VPS4A,Protein
DNAJC5,Protein
CCNY,Protein
SOX10_S40,Phosphosite
KCND2,Protein
KCND3,Protein
SCN2A,Protein
GLRB,Protein
SPTBN2,Protein
RCC1,Protein
SEC31A,Protein
SPTBN1_S2165,Phosphosite
ITSN1,Protein
RASGRF2_S633,Phosphosite
CACNB2_T219,Phosphosite
CTR9_S941,Phosphosite
DGKB,Protein
GTF2I,Protein
CNP_S9,Phosphosite
PRPF3,Protein
SNW1,Protein
CLTC,Protein
EEF1D,Protein
TRA2B_S71,Phosphosite
TRA2B_T69,Phosphosite
PPME1,Protein
GAK,Protein
PHKB,Protein
SLC8A1,Protein
ADD2_S62,Phosphosite
RBM17,Protein
MTMR2,Protein
SPAG9,Protein
CHMP2A,Protein
USP7,Protein
SLC12A5,Protein
BMPR2,Protein
CBX3,Protein
NAGK,Protein
ATXN1_S775,Phosphosite
EEF1B2,Protein
PCM1,Protein
SNIP1_S54,Phosphosite
CTNND2_S1058,Phosphosite
ENO1_S254,Phosphosite
TRA2B_S276,Phosphosite
CACNA1A,Protein
PRKRA,Protein
AKAP12_S627,Phosphosite
PELP1,Protein
CKB,Protein
PIK3R2_S262,Phosphosite
TACC2_S2317,Phosphosite
U2AF2,Protein
AKAP12_S696,Phosphosite
SPHK2_S387,Phosphosite
SPTBN1_S2169,Phosphosite
CANX_S583,Phosphosite
STMN2_S62,Phosphosite
PACS1_S774,Phosphosite
RTN4_S181,Phosphosite
CNP,Protein
SLC9A3R1_S280,Phosphosite
PIK3R2_S263,Phosphosite
CTNND2_T1056,Phosphosite
PGK1_S203,Phosphosite
ADD2_S617,Phosphosite
PRKAB1_S181,Phosphosite
TALDO1_S237,Phosphosite
CBX3_S93,Phosphosite
GORASP2,Protein
HCN2,Protein
MARCKSL1_S104,Phosphosite
L1CAM_T1247,Phosphosite
IGF2R_S2409,Phosphosite
NAP1L4_S54,Phosphosite
RPH3A_S692,Phosphosite
ATP1A1_T226,Phosphosite
GORASP2_T415,Phosphosite
NAP1L4_S121,Phosphosite
CTR9_S970,Phosphosite
TAF12_S51,Phosphosite
RTN4,Protein
SUB1_S11,Phosphosite
IGF2R_S2484,Phosphosite
SPTBN1_T2331,Phosphosite
PRKAB1_S108,Phosphosite
NAGK_S76,Phosphosite
SPTBN1_S257,Phosphosite
APLP2_T736,Phosphosite
ATP1A1_S228,Phosphosite
ADCY9_S364,Phosphosite
SPTBN1_S2128,Phosphosite
CALD1,Protein
NAP1L4_S125,Phosphosite
CD2AP_S510,Phosphosite
XPC_S883,Phosphosite
SPTBN1_S2160,Phosphosite
COX4I1_S58,Phosphosite
SUB1_S12,Phosphosite
DEK_S306,Phosphosite
DEK_S307,Phosphosite
PACS1_S779,Phosphosite
SUB1_S15,Phosphosite
KCNIP3_S63,Phosphosite
CLTC_T394,Phosphosite
SPTBN1_S2048,Phosphosite
DEK_S303,Phosphosite
VIM_S420,Phosphosite
SPHK2_S399,Phosphosite
SUB1_S13,Phosphosite
SRPK1,Kinase
SPTBN1_T2121,Phosphosite
PTDSS1_S455,Phosphosite
XPC_S122,Phosphosite
GFPT1_S261,Phosphosite
TPPP_S159,Phosphosite
PEA15,Protein
GTF2F1_T389,Phosphosite
ULK1,Protein
CSNK1E_S363,Phosphosite
CABLES1,Protein
PRKAA2_S377,Phosphosite
NLK,Kinase
CDK3,Kinase
CHEK1,Kinase
MAPKAPK3,Kinase
MAPKAPK5,Kinase
SGK3_S126,Phosphosite
PDHK3,Kinase
TNIK_T987,Phosphosite
MAPKAPK2,Kinase
HSPB6_S16,Phosphosite
PTDSS1,Protein
ADRBK2,Kinase
CSNK2B,Kinase
SUB1,Protein
MEF2A,Protein
PRKAB2_S183,Phosphosite
PRKAB2_S184,Phosphosite
HSPB6,Protein
BAG3_S377,Phosphosite
TNIK,Kinase
PARVA,Protein
ARHGEF6_S640,Phosphosite
MAD1L1_S428,Phosphosite
ST13,Protein
CLK2,Kinase
NUP214_T437,Phosphosite
NUP214_S430,Phosphosite
RANBP2_S2270,Phosphosite
RANBP2_S788,Phosphosite
RANBP2_S2280,Phosphosite
RANBP2_S3207,Phosphosite
RANBP2_T1399,Phosphosite
RANBP2_S2900,Phosphosite
GABARAPL2,Protein
VDAC1,Protein
SF1_S80,Phosphosite
SF1_S82,Phosphosite
TERF2,Protein
LMNB1_S23,Phosphosite
LMNB2,Protein
CDK16,Kinase
UHMK1,Kinase
VCL_S290,Phosphosite
HSP90AB1_S452,Phosphosite
HSP90AB1_S261,Phosphosite
HSP90AB1_S255,Phosphosite
CETN2_S20,Phosphosite
CABLES1_S313,Phosphosite
PKP2,Protein
PARVA_S19,Phosphosite
VCP,Protein
PTGES3_S113,Phosphosite
PTGES3_S151,Phosphosite
SRRM1_S773,Phosphosite
MARCKS_S147,Phosphosite
MARCKS_S46,Phosphosite
MARCKS_S27,Phosphosite
MARCKS_S81,Phosphosite
HNRNPA1_S95,Phosphosite
WDR77_T5,Phosphosite
HNRNPU_S59,Phosphosite
BCLAF1_S531,Phosphosite
BCLAF1_S104,Phosphosite
WASL_Y256,Phosphosite
LMNA_S392,Phosphosite
HNRNPC_S306,Phosphosite
SUDS3,Protein
LEO1,Protein
SGTA_T81,Phosphosite
SRRM2_S2030,Phosphosite
SRRM2_S2102,Phosphosite
SRRM2_S1923,Phosphosite
SRRM2_S1499,Phosphosite
SRRM2_S508,Phosphosite
SRRM2_S2018,Phosphosite
SRRM2_S1497,Phosphosite
GRK1,Kinase
TPR_S379,Phosphosite
ATXN1,Protein
BCLAF1,Protein
EMD_S49,Phosphosite
CYLD_S418,Phosphosite
RNF31,Protein
SORT1,Protein
NOP56,Protein
DKC1_S453,Phosphosite
SOX10,Protein
TRIM28,Protein
TJP2_S294,Phosphosite
SNIP1,Protein
SNRNP70,Protein
DDB2,Protein
PRKAG2_S196,Phosphosite
SNRNP70_S226,Phosphosite
DDX23,Protein
RAN_S135,Phosphosite
GRIN2B_S1143,Phosphosite
GRIN2B_S917,Phosphosite
STX4_S14,Phosphosite
PYGO2,Protein
XRCC6_S477,Phosphosite
KCND2_S616,Phosphosite
RPLP2_S105,Phosphosite
NCL_S67,Phosphosite
NCL_S42,Phosphosite
NCL_S28,Phosphosite
NCL_S34,Phosphosite
NCL_S41,Phosphosite
WWC1_S947,Phosphosite
GTF2F2_S248,Phosphosite
STAT5B_S193,Phosphosite
SCN2A_S579,Phosphosite
RNF31_S466,Phosphosite
CYLD,Protein
KCNIP3,Protein
CFL1_T25,Phosphosite
CFL1_S41,Phosphosite
HNRNPD_S190,Phosphosite
HNRNPD_S82,Phosphosite
HNRNPK_S284,Phosphosite
AMPH_S262,Phosphosite
BIN1,Protein
MAP2K5,Kinase
TACC1_S44,Phosphosite
GTF2I_S831,Phosphosite
GTF2I_S674,Phosphosite
STX1A_S14,Phosphosite
STX1A_S162,Phosphosite
SNW1_S232,Phosphosite
ARHGEF7_S694,Phosphosite
SORT1_S825,Phosphosite
ASAP1,Protein
GAK_S834,Phosphosite
BIN1_S296,Phosphosite
RBM17_S222,Phosphosite
CACNB4_S508,Phosphosite
NOLC1_S623,Phosphosite
TRIM28_S473,Phosphosite
TRIM28_S45,Phosphosite
VDAC1_S101,Phosphosite
VDAC1_S104,Phosphosite
DBN1,Protein
USP7_S18,Phosphosite
PPP1CB_T316,Phosphosite
SH3GL1_S288,Phosphosite
MAPRE3,Protein
CTNND1_S230,Phosphosite
CTNND1_S268,Phosphosite
CTNND1_S862,Phosphosite
CTNND1_S864,Phosphosite
ABI1_S222,Phosphosite
ABI1_S231,Phosphosite
HTT_S1199,Phosphosite
PRKAR1B_S83,Phosphosite
CALM3_S102,Phosphosite
NDEL1_T219,Phosphosite
ATRX_S850,Phosphosite
ATRX_S1348,Phosphosite
ATRX_S92,Phosphosite
PELP1_S477,Phosphosite
SIRT2_T365,Phosphosite
SIRT2_S25,Phosphosite
SIRT2_S27,Phosphosite
SF1,Protein
AP2M1_S45,Phosphosite
DYNC1I1_S635,Phosphosite
DYNC1I1_S179,Phosphosite
DYNC1I1_T176,Phosphosite
PIM3,Kinase
PLCB1_S982,Phosphosite
PIAS1,Protein
NF1_S2599,Phosphosite
NF1_S2515,Phosphosite
NF1_S864,Phosphosite
NF1_S2523,Phosphosite
GAB2_S223,Phosphosite
GAB2_S141,Phosphosite
MAP1B_S561,Phosphosite
MAP1B_S1917,Phosphosite
MAP1B_S1326,Phosphosite
MAP1B_S1016,Phosphosite
MAP1B_S1324,Phosphosite
MAP1B_S936,Phosphosite
MAP1B_S1280,Phosphosite
MAP1B_S1817,Phosphosite
MAP1B_S1818,Phosphosite
MAP1B_S1211,Phosphosite
MAP1B_S1144,Phosphosite
CLK3,Kinase
KCNB1_S496,Phosphosite
KCNB1_S15,Phosphosite
DYNC1LI1_S207,Phosphosite
DYNC1LI1_S516,Phosphosite
DYNC1LI2_S446,Phosphosite
ARHGEF2_T679,Phosphosite
XRCC1_S241,Phosphosite
XRCC1_S447,Phosphosite
XRCC1_S446,Phosphosite
WWC1,Protein
SRPK1_S51,Phosphosite
CLK3_S157,Phosphosite
PRKCE_T710,Phosphosite
PKN1_T774,Phosphosite
ERRFI1,Protein
MARK1_S399,Phosphosite
SLK,Kinase
SLK_T183,Phosphosite
C07394,Small-molecule
C00389,Small-molecule
C12147,Small-molecule
C00410,Small-molecule
MARCKSL1,Protein
PACS1,Protein
AKAP11,Protein
FXYD1,Protein
TACC2,Protein
CLIP2,Protein
RIN1,Protein
C07625,Small-molecule
JUND,Protein
AKAP12,Protein
ADD2,Protein
POLR2A,Protein
C00015,Small-molecule
TRA2B,Protein
C19609,Small-molecule
C16459,Small-molecule
C02198,Small-molecule
C02528,Small-molecule
C01312,Small-molecule
KSR2,Protein
SNCG,Protein
DEK,Protein
PIK3R2,Protein
C00014,Small-molecule
IGF2R,Protein
NAP1L4,Protein
RPH3A,Protein
APLP2,Protein
C00077,Small-molecule
ANKLE2_S268,Phosphosite
GRB10_S104,Phosphosite
PDHA1_S295,Phosphosite
CCNT2_S549,Phosphosite
RAPGEF2_S960,Phosphosite
YAP1_S61,Phosphosite
CACNB1,Protein
ENO1,Protein
ARHGEF12,Protein
STX4,Protein
NAA15,Protein
MCM2_S139,Phosphosite
CHRM2_S232,Phosphosite
NAA15_S855,Phosphosite
ANKLE2,Protein
GRB10,Protein
CACNB1_S417,Phosphosite
KCNB1,Protein
CCNK_S324,Phosphosite
CCNK_S340,Phosphosite
YAP1_S109,Phosphosite
GLUL,Protein
LATS1,Kinase
DAXX_S739,Phosphosite
NES,Protein
MARK3,Kinase
MAP4K6,Kinase
RPS6KB2,Kinase
GRK5,Kinase
DAPK3,Kinase
NUP160_S1157,Phosphosite
STX1A,Protein
NES_S471,Phosphosite
YAP1,Protein
CCNT2,Protein
TACC1_S57,Phosphosite
NUP160,Protein
TACC1,Protein
SYP_Y81,Phosphosite
PIM1,Kinase
SYP,Protein
C00160,Small-molecule
C00005,Small-molecule
C00061,Small-molecule
C00144,Small-molecule
RAPGEF2,Protein
CCNK,Protein
C01096,Small-molecule
C08325,Small-molecule
C08797,Small-molecule
C08778,Small-molecule
C00918,Small-molecule
C00695,Small-molecule
C04483,Small-molecule
C09592,Small-molecule
C01451,Small-molecule
C06186,Small-molecule
C09529,Small-molecule
C00696,Small-molecule
C09345,Small-molecule
C13856,Small-molecule
C14732,Small-molecule
C00820,Small-molecule
C00736,Small-molecule
C16435,Small-molecule
C06419,Small-molecule
C01733,Small-molecule
C00806,Small-molecule
C00097,Small-molecule
C00041,Small-molecule
C00073,Small-molecule
C00152,Small-molecule
C00078,Small-molecule
C00148,Small-molecule
MCM2,Protein
C00059,Small-molecule
C00065,Small-molecule
C00135,Small-molecule
C00188,Small-molecule
DYRK1A,Kinase
MAPKAP1_S510,Phosphosite
PPP1R3D_S74,Phosphosite
CTNND2_S514,Phosphosite
NDRG2_S332,Phosphosite
PPP1R3D_S78,Phosphosite
TPPP_S18,Phosphosite
SPP1,Protein
CTNND2_S415,Phosphosite
SLC4A1,Protein
AQP4_S276,Phosphosite
AQP4,Protein
SPP1_S63,Phosphosite
CTNND2_S461,Phosphosite
SPP1_S62,Phosphosite
LRRC7_S949,Phosphosite
CTR9_T925,Phosphosite
CTNND2_S1076,Phosphosite
NEDD4L_S448,Phosphosite
NEDD4L_S449,Phosphosite
TPPP_S160,Phosphosite
RASGRF2_S726,Phosphosite
DPYSL3,Protein
NCOA2_S736,Phosphosite
TGFB1I1_S403,Phosphosite
SPP1_S26,Phosphosite
SPP1_S27,Phosphosite
WDR77,Protein
PPP1R14A_S128,Phosphosite
F3,Protein
FAS,Protein
SMARCC2,Protein
SMARCA2,Protein
CAMKK1,Protein
AGPS,Protein
ELAVL1,Protein
CFL1,Protein
RAB8A,Protein
PGAM1,Protein
NDRG2_S350,Phosphosite
L1CAM_S1181,Phosphosite
LRRC7_S1439,Phosphosite
CACNB4,Protein
TAOK1,Protein
WNK1,Protein
PPP1CB,Protein
EIF5B,Protein
CTNND2_S1060,Phosphosite
MAP3K10_T558,Phosphosite
GFPT1,Protein
MAP3K10_S588,Phosphosite
STMN2_S50,Phosphosite
ATP8A1,Protein
CTNND1,Protein
F3_S285,Phosphosite
MTA1,Protein
TP53BP1,Protein
GATAD2B,Protein
ATRX,Protein
TUBA4A,Protein
SIRT2,Protein
TJP1,Protein
SPTBN1_T346,Phosphosite
COX4I1,Protein
CACNG2,Protein
DPYSL5,Protein
NME2,Protein
USP8,Protein
NF1,Protein
CTNND2_S276,Phosphosite
NEDD4L,Protein
RGS19_S213,Phosphosite
USP16_S552,Phosphosite
TPPP_T14,Phosphosite
ACLY,Protein
L1CAM_S1244,Phosphosite
SLC24A2,Protein
HDAC1_S393,Phosphosite
ARHGEF2,Protein
KCNQ2,Protein
L1CAM_S1243,Phosphosite
L1CAM_S1248,Phosphosite
PDE7B_S74,Phosphosite
FGFR3,Protein
RB1_S37,Phosphosite
TAOK1_T669,Phosphosite
HDAC1_S421,Phosphosite
HDAC1_S423,Phosphosite
SPTBN1_T2159,Phosphosite
STMN2_S73,Phosphosite
SLC9A3R1_S162,Phosphosite
ADCY1_S550,Phosphosite
XPC_S129,Phosphosite
SMARCC1,Protein
TAF12,Protein
MAPKAP1,Protein
CSNK1E_T362,Phosphosite
MAP3K2_S239,Phosphosite
DYRK1A_S529,Phosphosite
DAXX,Protein
MAP3K5_S1029,Phosphosite
MAP3K5_S1033,Phosphosite
SH3GL1,Protein
ATM,Kinase
ICK,Kinase
CDC42BPA,Kinase
SGK3,Kinase
CDK4,Kinase
CLK1,Kinase
PRKCG_S322,Phosphosite
PRKCG_S326,Phosphosite
RPS6KA1,Kinase
SGK3_S129,Phosphosite
PDHK4,Kinase
MAP3K2,Kinase
STK11,Kinase
RGS19,Protein
CHRM2,Protein
PAK4_S104,Phosphosite
BAG3,Protein
NCOA2,Protein
PDE7B,Protein
MAP2K2_T394,Phosphosite
LLGL1_S663,Phosphosite
RANBP2_S781,Phosphosite
RANBP2_S2668,Phosphosite
TERF2IP_S203,Phosphosite
TERF2IP_S154,Phosphosite
HSP90AB1_S226,Phosphosite
GNG2_T52,Phosphosite
HNRNPC,Protein
PTGES3_S148,Phosphosite
MARCKS_S128,Phosphosite
MARCKS_S262,Phosphosite
MARCKS_S118,Phosphosite
MARCKS_S135,Phosphosite
HNRNPA1_S368,Phosphosite
HNRNPU,Protein
KHDRBS1,Protein
HNRNPD,Protein
HNRNPK,Protein
TERF2IP,Protein
SIN3B,Protein
HNRNPA1,Protein
PSMF1_S153,Phosphosite
PSMF1_T251,Phosphosite
PSMF1_S252,Phosphosite
LMNA_S390,Phosphosite
LMNA_S403,Phosphosite
LMNA_S277,Phosphosite
HNRNPC_S260,Phosphosite
HNRNPC_S299,Phosphosite
SGTA,Protein
CTR9,Protein
BUB3_S211,Phosphosite
TGFB1I1,Protein
NCOR1_S2120,Phosphosite
PKN1,Kinase
FAS_S212,Phosphosite
PRKAG2_S219,Phosphosite
CTNNA1_S641,Phosphosite
LIMK1_T270,Phosphosite
NCL_S563,Phosphosite
KHDRBS1_S58,Phosphosite
SMARCA2_S1377,Phosphosite
RB1,Protein
CALM3,Protein
ELAVL1_S202,Phosphosite
PTPN1_S386,Phosphosite
HNRNPD_S83,Phosphosite
HNRNPK_S216,Phosphosite
PRKAR1A_S77,Phosphosite
AMPH_S268,Phosphosite
AMPH_S272,Phosphosite
PSMA3_S250,Phosphosite
GAPDH_T182,Phosphosite
GAPDH_T211,Phosphosite
GAPDH_T184,Phosphosite
GAPDH_S151,Phosphosite
RPS3_T221,Phosphosite
AMPH,Protein
NOLC1_S538,Phosphosite
CLTA_S236,Phosphosite
CLTA_S206,Phosphosite
CLTA_S105,Phosphosite
GRIN2A_T888,Phosphosite
PSMD1_S315,Phosphosite
PSMD1_T311,Phosphosite
EIF4B_S459,Phosphosite
EIF4B_S498,Phosphosite
EIF4B_S93,Phosphosite
PSMD2_S16,Phosphosite
MSH2_S860,Phosphosite
CTNND1_S349,Phosphosite
CTNND1_S352,Phosphosite
ABI1_S323,Phosphosite
ABI1_S183,Phosphosite
HTT_S419,Phosphosite
TP53BP1_S1678,Phosphosite
PRKAR1B_S73,Phosphosite
PRKAR1B_S71,Phosphosite
ATRX_S876,Phosphosite
SIRT2_S368,Phosphosite
AP2M1_S236,Phosphosite
ANAPC2_S470,Phosphosite
CACNG2_S253,Phosphosite
PLCB1_S978,Phosphosite
NF1_S2817,Phosphosite
SLC9A1_S729,Phosphosite
RANGAP1_S442,Phosphosite
RANGAP1_T436,Phosphosite
MAP1B_T1946,Phosphosite
MAP1B_S1801,Phosphosite
MAP1B_S1252,Phosphosite
MAP1B_S1501,Phosphosite
MAP1B_S1298,Phosphosite
MAP1B_S1653,Phosphosite
MAP1B_T972,Phosphosite
MAP1B_S2072,Phosphosite
MAP1B_T1282,Phosphosite
MAP1B_S343,Phosphosite
MAP1B_S1156,Phosphosite
MAP1B_S937,Phosphosite
MAP1B_S1322,Phosphosite
MAP1B_T1964,Phosphosite
CAMK2B_S397,Phosphosite
CAMK2B_S395,Phosphosite
KCNQ2_S468,Phosphosite
NEFL_S52,Phosphosite
NEFL_S34,Phosphosite
LLGL1,Protein
BCR_S122,Phosphosite
BCR_S459,Phosphosite
MYLK_S1776,Phosphosite
C00006,Small-molecule
C15473,Small-molecule
C01661,Small-molecule
C00016,Small-molecule
C07620,Small-molecule
PPP1R3D,Protein
C00219,Small-molecule
NDRG2,Protein
CTNND2,Protein
TPPP,Protein
LRRC7,Protein
C00011,Small-molecule
C07675,Small-molecule
C00085,Small-molecule
C00163,Small-molecule
C02679,Small-molecule
C00803,Small-molecule
C01585,Small-molecule
C16537,Small-molecule
C00212,Small-molecule
C16434,Small-molecule
C01536,Small-molecule
C16436,Small-molecule
C00082,Small-molecule
C00123,Small-molecule
C00183,Small-molecule
C00407,Small-molecule
L1CAM,Protein
MAP3K10,Protein
STMN2,Protein
SLC9A3R1,Protein
USP16,Protein
C00186,Small-molecule
C00079,Small-molecule
C00114,Small-molecule
SUGT1,Protein
SSH1,Protein
BLVRA,Protein
PGK1,Protein
BCKDHA,Protein
QDPR,Protein
HTT,Protein
SPHK2,Protein
XRCC1,Protein
BLVRA_S230,Phosphosite
PNKP,Protein
NEK1,Kinase
SGK1,Kinase
TGFBR2,Kinase
CSNK1G3,Kinase
SUPT5H_S666,Phosphosite
SSH1_S937,Phosphosite
LIMK1_S310,Phosphosite
LIMK1_S210,Phosphosite
LIMK1,Protein
RPTOR_S877,Phosphosite
SLC9A1_S703,Phosphosite
MAP1B_T1799,Phosphosite
PRKCI_T412,Phosphosite
C06911,Small-molecule
C00951,Small-molecule
C06124,Small-molecule
C00003,Small-molecule
C02166,Small-molecule
C05951,Small-molecule
C05952,Small-molecule
C06314,Small-molecule
RASGRF2_S746,Phosphosite
MAP2_S1534,Phosphosite
PDLIM7_T251,Phosphosite
PKN2_S583,Phosphosite
PPP1R14A_S26,Phosphosite
SETD2_T1853,Phosphosite
SUPT5H,Protein
WASL,Protein
LMNA,Protein
EMD,Protein
GNG3,Protein
TIAM1,Protein
BAIAP2,Protein
RASGRF2,Protein
KPNB1,Protein
SLC2A1,Protein
EIF3B,Protein
GAPDH,Protein
SORBS1,Protein
SETD2_S624,Phosphosite
PPP1R14A_S136,Phosphosite
EIF3G,Protein
CLTA,Protein
FTH1,Protein
SSRP1,Protein
DCTN6,Protein
ABI1,Protein
PFKFB2,Protein
DNAJC6,Protein
CACNG8,Protein
SRF_S224,Phosphosite
AP2M1,Protein
MAP2_T148,Phosphosite
DYNC1I1,Protein
CACNG3,Protein
SLC9A1,Protein
MAP2_T130,Phosphosite
EIF5,Protein
MAP2,Protein
DYNC1LI2,Protein
ACTB_S233,Phosphosite
NCOR2_S149,Phosphosite
MAP2_T146,Phosphosite
VIM_T436,Phosphosite
PFKFB2_S466,Phosphosite
PKN2_T816,Phosphosite
SLC2A1_T478,Phosphosite
PDLIM7_S217,Phosphosite
MAP2_S140,Phosphosite
MAP2_S136,Phosphosite
HSF1_S303,Phosphosite
HSF1_S314,Phosphosite
HMGCS1,Protein
VIM_S430,Phosphosite
MARK1,Kinase
BCR,Kinase
MAPK8IP1,Protein
GSK3A_T84,Phosphosite
CDK5_T17,Phosphosite
RPS6KA3_S369,Phosphosite
PRKG2,Kinase
PAK6,Kinase
MAPK8IP1_S15,Phosphosite
MAPK8IP1_S29,Phosphosite
PRKCG_S328,Phosphosite
PRKCG_S330,Phosphosite
PRKCG_T655,Phosphosite
CSNK1G2,Kinase
MARK4,Kinase
STUB1,Protein
NOLC1,Protein
HDAC4_S565,Phosphosite
FLNA_S2327,Phosphosite
FLNA_S1459,Phosphosite
FLNA_S2180,Phosphosite
GNAZ,Protein
SETD2,Protein
NCL,Protein
MARCKS_S26,Phosphosite
PSMF1_S152,Phosphosite
LMNA_S22,Phosphosite
LMNA_S414,Phosphosite
DYNC1LI1,Protein
NCOR1_S2438,Phosphosite
TIAM1_S231,Phosphosite
GNAZ_S27,Phosphosite
CDC16_S560,Phosphosite
NCL_S580,Phosphosite
DNM2_S764,Phosphosite
USP14,Protein
GAPDH_S83,Phosphosite
EIF4B_S597,Phosphosite
PPP1R12A_S695,Phosphosite
SSRP1_S444,Phosphosite
CDC23_T596,Phosphosite
ABI1_S225,Phosphosite
APC_S1042,Phosphosite
CACNG8_S252,Phosphosite
SRF,Protein
VAMP2_S61,Phosphosite
ANAPC2_S534,Phosphosite
CACNG3_S248,Phosphosite
SLC9A1_S796,Phosphosite
SLC9A1_S693,Phosphosite
SLC9A1_S785,Phosphosite
SLC9A1_S726,Phosphosite
SLC9A1_S723,Phosphosite
MAP1B_T2305,Phosphosite
MAP1B_T1947,Phosphosite
MAP1B_S1785,Phosphosite
MAP1B_S2271,Phosphosite
MAP1B_S1793,Phosphosite
MAP1B_S1256,Phosphosite
MAP1B_T898,Phosphosite
MAP1B_S1625,Phosphosite
MAP1B_S336,Phosphosite
MAP1B_S2209,Phosphosite
MAP1B_S1779,Phosphosite
MAP1B_S977,Phosphosite
MAP1B_S1312,Phosphosite
MAP1B_S1330,Phosphosite
MAP1B_S1527,Phosphosite
MAP1B_S1378,Phosphosite
MAP1B_S832,Phosphosite
MAP1B_S1339,Phosphosite
MAP1B_S1387,Phosphosite
MAP1B_S25,Phosphosite
MAP1B_S1443,Phosphosite
MAP1B_T1152,Phosphosite
MAP1B_S1438,Phosphosite
MAP1B_S1212,Phosphosite
MAP1B_S1203,Phosphosite
NEFL,Protein
NEFM_S736,Phosphosite
NEFL_S58,Phosphosite
NEFL_S67,Phosphosite
NEFL_S60,Phosphosite
NEFL_S472,Phosphosite
PRKCE_T349,Phosphosite
BCR_S301,Phosphosite
BCR_T310,Phosphosite
PKN2,Protein
PDPK1_T37,Phosphosite
C00246,Small-molecule
C00007,Small-molecule
C07649,Small-molecule
C00533,Small-molecule
C06563,Small-molecule
C07909,Small-molecule
C07151,Small-molecule
C00063,Small-molecule
C00021,Small-molecule
C00116,Small-molecule
C00738,Small-molecule
PDLIM7,Protein
C00064,Small-molecule
C00047,Small-molecule
C05332,Small-molecule
C03990,Small-molecule
C05822,Small-molecule
SMC3_S1067,Phosphosite
SLC1A3,Protein
CTPS2,Protein
TCEA1,Protein
NCBP1,Protein
SMC3,Protein
SPTBN1,Protein
NPM1,Protein
RCAN1_S167,Phosphosite
HSPA4,Protein
RICTOR,Protein
CAD,Protein
UBTF_S389,Phosphosite
NDEL1,Protein
DYNC1H1,Protein
UBTF,Protein
MAP3K11_S705,Phosphosite
RCAN1_S163,Phosphosite
PPP1R14A_S12,Phosphosite
MYL9_T19,Phosphosite
SPTBN1_S2358,Phosphosite
PRKAB1,Protein
IKBKB_S672,Phosphosite
MAP3K11,Protein
MAPK9,Kinase
EIF2AK2,Kinase
MAK,Kinase
PAK3,Kinase
PRKCG_S687,Phosphosite
PRKCG_S373,Phosphosite
CDK6,Kinase
CAMK1,Kinase
NCOR1_S2184,Phosphosite
NPM1_S125,Phosphosite
HSPA4_S76,Phosphosite
RICTOR_S1302,Phosphosite
NCK1_S166,Phosphosite
EIF4B_S497,Phosphosite
DYNC1H1_S4368,Phosphosite
RPS6_S240,Phosphosite
VAMP2_S75,Phosphosite
MAP1B_T340,Phosphosite
MAP1B_T1879,Phosphosite
PRKCI_S411,Phosphosite
C00075,Small-molecule
C16433,Small-molecule
C00547,Small-molecule
C05103,Small-molecule
RCAN1,Protein
C00049,Small-molecule
GTF2F1,Kinase
PDHA1_S293,Phosphosite
PRKAB2,Protein
HSPA1B,Protein
GFAP_S38,Phosphosite
PDHA1_S300,Phosphosite
SQSTM1,Protein
SYN1_S665,Phosphosite
YY1,Protein
PSMF1,Protein
DKC1,Protein
HSF1_S363,Phosphosite
RAN,Protein
GTF2F2,Protein
STAT5B,Protein
GFAP_S13,Phosphosite
DNM2,Protein
LIPE,Protein
PI4K2A,Protein
SIN3A,Protein
PPP1R14A_S130,Phosphosite
ELMO1,Protein
ATP1A1,Protein
FASN,Protein
GAB2,Protein
PIK3C2A,Protein
NCOR2_S152,Phosphosite
ACTB_S232,Phosphosite
PDHA1_S232,Phosphosite
ACTB_T203,Phosphosite
EP300_T887,Phosphosite
LIPE_S855,Phosphosite
ADCY1_S551,Phosphosite
SYN1_T667,Phosphosite
GSK3A_S39,Phosphosite
GSK3A_S65,Phosphosite
GRIN2B,Protein
MAP2K7,Kinase
DAPK1,Kinase
CSNK2A2,Kinase
PAK5,Kinase
PRKCG_S690,Phosphosite
CAMK2G,Kinase
MAP2K3,Kinase
PDK2,Kinase
PXN_S322,Phosphosite
GIT1,Protein
SQSTM1_S272,Phosphosite
PTK2B_S375,Phosphosite
HDAC1,Protein
FLNA_S1084,Phosphosite
NCOR2,Protein
IRS2_T1202,Phosphosite
IRS2_S594,Phosphosite
GRIN2B_S930,Phosphosite
PSMA5_S16,Phosphosite
PSMA5_T55,Phosphosite
PSMA5_S56,Phosphosite
CRK_S83,Phosphosite
MAPK8IP3_S364,Phosphosite
DCTN1,Protein
DCTN1_T108,Phosphosite
HSF1,Protein
APC_S1038,Phosphosite
APC_S2283,Phosphosite
APC_S2130,Phosphosite
APC_S744,Phosphosite
STMN1_S25,Phosphosite
MAP1B_T1633,Phosphosite
MAP1B_S1915,Phosphosite
MAP1B_S1427,Phosphosite
MAP1B_T527,Phosphosite
MAP1B_T1334,Phosphosite
MAP1B_S891,Phosphosite
MAP1B_S1396,Phosphosite
MAP1B_S1260,Phosphosite
MAP1B_S1389,Phosphosite
MAP1B_S1620,Phosphosite
MAP1B_S831,Phosphosite
MAP1B_S1433,Phosphosite
MAP1B_S995,Phosphosite
MAP1B_T899,Phosphosite
MAP1B_S1965,Phosphosite
MAP1B_T908,Phosphosite
MAP1B_T1147,Phosphosite
MAP1B_S1154,Phosphosite
MAP1B_S1819,Phosphosite
MAP1B_S1208,Phosphosite
NEFM_S511,Phosphosite
CAMK2B_T366,Phosphosite
CAMK2B_S367,Phosphosite
PRKCE_S337,Phosphosite
EGFR_T693,Phosphosite
PRKCH_S675,Phosphosite
C00062,Small-molecule
PDHA1,Protein
C00238,Small-molecule
C01330,Small-molecule
GFAP,Protein
C03998,Small-molecule
C00249,Small-molecule
C00026,Small-molecule
C05851,Small-molecule
C00042,Small-molecule
C08469,Small-molecule
C18369,Small-molecule
C06533,Small-molecule
C19317,Small-molecule
SYN1,Protein
C00018,Small-molecule
ACTB,Protein
C01089,Small-molecule
C02385,Small-molecule
C00153,Small-molecule
MAP3K5,Kinase
AXIN1_S493,Phosphosite
STAT1,Protein
HDAC4,Protein
HSP90AB1,Protein
BUB3,Protein
NCOR1,Protein
PRKAG2,Protein
MYL9,Protein
PTPN1,Protein
CKAP5,Protein
HDAC2,Protein
CLASP1,Protein
EIF4B,Protein
EIF4E,Protein
PPP1R14A_S134,Phosphosite
STMN1,Protein
DUSP6_S331,Phosphosite
CLASP1_S1113,Phosphosite
VIM_S325,Phosphosite
MYL9_S20,Phosphosite
GSK3A_S64,Phosphosite
GSK3A_S63,Phosphosite
GSK3A_S72,Phosphosite
DUSP6,Protein
CDK5_Y15,Phosphosite
NEK2,Kinase
FYN_S21,Phosphosite
HIPK2,Kinase
ROCK2,Kinase
AURKB,Kinase
PLK1,Kinase
DMPK,Kinase
PKD1,Kinase
AURKA,Kinase
CSNK1G1,Kinase
CAMK2A,Kinase
CAMK2D,Kinase
CAMK4,Kinase
MAP2K6_S207,Phosphosite
HSPB1_S86,Phosphosite
PRKCD_Y646,Phosphosite
STAT1_S727,Phosphosite
HDAC4_S467,Phosphosite
HDAC4_S632,Phosphosite
EP300,Protein
NCOR1_S1472,Phosphosite
PRKAR2B_S114,Phosphosite
YWHAQ_S230,Phosphosite
ANAPC1_S688,Phosphosite
PRKAR1A_S83,Phosphosite
PARP1_S782,Phosphosite
CKAP5_T832,Phosphosite
CKAP5_T829,Phosphosite
GRIN2A_S1459,Phosphosite
MAPK8IP3_S365,Phosphosite
PSMD1_T273,Phosphosite
HSPA8_S153,Phosphosite
PPP1R12A_S299,Phosphosite
PPP1R12A_S871,Phosphosite
PPP1R12A_S422,Phosphosite
APC_S2772,Phosphosite
STMN1_S16,Phosphosite
STMN1_S38,Phosphosite
MAP1B_T1949,Phosphosite
MAP1B_T1932,Phosphosite
MAP1B_T1525,Phosphosite
MAP1B_S970,Phosphosite
TSC2_S1254,Phosphosite
CAMK2B_T400,Phosphosite
CDK7_T170,Phosphosite
MYLK_T1774,Phosphosite
C03582,Small-molecule
C00010,Small-molecule
C00024,Small-molecule
PPP1R14A,Protein
C07592,Small-molecule
CSNK1E,Kinase
MAP2K6,Kinase
MAP3K7,Kinase
RPS6KA4_S745,Phosphosite
MBP,Protein
MAD1L1,Protein
NUP214,Protein
RANBP2,Protein
MBP_S190,Phosphosite
CETN2,Protein
PTGES3,Protein
NUP210,Protein
TPR,Protein
MBP_S249,Phosphosite
CTNNA1,Protein
GRIA1,Protein
XRCC6,Protein
CDC16,Protein
ANAPC1,Protein
RPLP2,Protein
CDC37,Protein
RPL12,Protein
RPLP0,Protein
KDM1A,Protein
PSMA3,Protein
ARHGDIA,Protein
PDE4B,Protein
PDE8B,Protein
RPS3,Protein
CRKL,Protein
PSMA5,Protein
RAD23B,Protein
GRIN2A,Protein
PSMD1,Protein
PSMD2,Protein
MSH2,Protein
CDC23,Protein
DEPTOR,Protein
DNM1L,Protein
ANAPC2,Protein
RPS6KA4,Protein
RANGAP1,Protein
PTEN,Protein
NUP153,Protein
PDE8A,Protein
RIMS1,Protein
RPS6KA4_S343,Phosphosite
RPS6KA4_S347,Phosphosite
AKT1S1,Protein
RPS6KA4_S682,Phosphosite
EPHB1,Protein
VIM_S55,Phosphosite
PTEN_S370,Phosphosite
VIM_S73,Phosphosite
PTEN_S385,Phosphosite
PRKD1,Kinase
AXIN1,Protein
GSK3A_S41,Phosphosite
GSK3A_S77,Phosphosite
CDK2,Kinase
PRKCQ_T538,Phosphosite
CSNK2A1,Kinase
MAPK10,Kinase
MAPK11,Kinase
MAPK14,Kinase
MAPK12,Kinase
MAPK13,Kinase
XPC,Protein
PRKDC_S893,Phosphosite
HSPB1_S83,Phosphosite
PAK4_S474,Phosphosite
MAP3K7_S439,Phosphosite
NUP98,Protein
EZR_S149,Phosphosite
IRS2_S731,Phosphosite
GRIA1_S849,Phosphosite
PEBP1_T42,Phosphosite
CDC37_S377,Phosphosite
ARHGDIA_S174,Phosphosite
CRKL_S107,Phosphosite
MAP2K4_S90,Phosphosite
MAP2K4_S394,Phosphosite
APC_S2270,Phosphosite
APC_S1371,Phosphosite
DNM1L_S616,Phosphosite
MAP1B_S1265,Phosphosite
MAP1B_S1262,Phosphosite
MAP1B_S1400,Phosphosite
MAP1B_S1881,Phosphosite
NEFM_S615,Phosphosite
NEFM_S30,Phosphosite
NEFM_S667,Phosphosite
NEFM_S837,Phosphosite
NEFM_S680,Phosphosite
NEFM_S620,Phosphosite
NEFM_S685,Phosphosite
NEFM_S672,Phosphosite
NEFM,Protein
MEF2C_S222,Phosphosite
PRKCE_S388,Phosphosite
PRKCE_S329,Phosphosite
PRKCE_S350,Phosphosite
PAK2_T143,Phosphosite
PRKD1_S742,Phosphosite
C00469,Small-molecule
C01598,Small-molecule
C15195,Small-molecule
C00698,Small-molecule
C00575,Small-molecule
C01245,Small-molecule
C00302,Small-molecule
C03758,Small-molecule
C07481,Small-molecule
C00020,Small-molecule
C00037,Small-molecule
C00025,Small-molecule
VIM_S51,Phosphosite
PEBP1,Protein
PPP1R12A,Protein
MAP2K4,Kinase
GJA1,Protein
VIM_S72,Phosphosite
PRKCZ,Kinase
FLNA,Protein
TTK,Kinase
MAPK8IP3,Protein
ROCK1,Kinase
PRKACA_S339,Phosphosite
PRKACG,Kinase
PRKACB,Kinase
PRKCG_T689,Phosphosite
FLNA_T2336,Phosphosite
FLNA_S2152,Phosphosite
MARCKS_T150,Phosphosite
MARCKS_S170,Phosphosite
ARRB1_S412,Phosphosite
IRS2_T350,Phosphosite
PEBP1_T51,Phosphosite
PEBP1_S52,Phosphosite
ARHGEF7_S249,Phosphosite
NCK1_S85,Phosphosite
CRK_S41,Phosphosite
MAPK8IP3_T275,Phosphosite
MAPK8IP3_S676,Phosphosite
MAPK8IP3_S585,Phosphosite
PPP1R12A_S445,Phosphosite
PPP1R12A_T696,Phosphosite
MAP2K4_T391,Phosphosite
GJA1_S365,Phosphosite
MAP1B,Protein
MAP1B_T1067,Phosphosite
MAP1B_S1797,Phosphosite
MARCKS,Protein
PAK2_S141,Phosphosite
CDK5,Kinase
PRKCQ,Kinase
PRKDC,Kinase
SLC2A4,Protein
PTK2B,Protein
VCL,Protein
PLCB3,Protein
ADCY6,Protein
GNG2,Protein
PARP1,Protein
SSTR2,Protein
HSPA8,Protein
ADCY1,Protein
TSC1,Protein
APC,Protein
ADCY9,Protein
VAMP2,Protein
PLCB1,Protein
PARD6A,Protein
VIM_S56,Phosphosite
CAMK2B,Kinase
MEF2C,Protein
VIM_S7,Phosphosite
CDK7,Kinase
KSR1,Protein
CDK1,Kinase
PRKCB,Kinase
PRKCG_T512,Phosphosite
SLC2A4_S488,Phosphosite
PLCB3_S1105,Phosphosite
YWHAQ_S232,Phosphosite
PARP1_T368,Phosphosite
TSC1_S394,Phosphosite
APC_T1438,Phosphosite
PARD6A_S278,Phosphosite
MEF2C_S396,Phosphosite
RPS6KB1_S394,Phosphosite
C00027,Small-molecule
C01005,Small-molecule
C00282,Small-molecule
C00305,Small-molecule
C01996,Small-molecule
C00388,Small-molecule
C00780,Small-molecule
C00334,Small-molecule
RPS6KA3,Kinase
VIM_S10,Phosphosite
VIM,Protein
SOS1_S1134,Phosphosite
RPTOR,Protein
SOS1,Protein
RPS6,Protein
SOS1_S1275,Phosphosite
VIM_S39,Phosphosite
RPS6KB1,Kinase
MAPK8,Kinase
AKT3_S34,Phosphosite
CSNK1A1,Kinase
AKT3,Kinase
AKT2,Kinase
PRKG1,Kinase
PRKCG_T674,Phosphosite
MAPK7,Kinase
HSPB1_S15,Phosphosite
PRKCD_S658,Phosphosite
PXN_S85,Phosphosite
ARHGEF6_S684,Phosphosite
IRS2_S1203,Phosphosite
IRS2_S306,Phosphosite
IRS2_S304,Phosphosite
IRS2_S608,Phosphosite
IRS2_S577,Phosphosite
RPTOR_S863,Phosphosite
RPS6_S236,Phosphosite
TSC2_S1387,Phosphosite
PRKCA_S319,Phosphosite
PRKCA_T638,Phosphosite
MAP2K1_T386,Phosphosite
BRAF_T401,Phosphosite
PRKAA2,Kinase
PRKAA1,Kinase
ARHGEF6,Protein
EZR,Protein
PRKAR2B,Protein
IRS2,Protein
PRKAR1A,Protein
CRK,Protein
PRKAR1B,Protein
PRKCI,Kinase
EGFR,Kinase
FYN_S257,Phosphosite
ADRBK1,Kinase
CSNK1D,Kinase
PRKCG_T514,Phosphosite
IRS2_S1100,Phosphosite
IRS2_S736,Phosphosite
PRKAR2A_S80,Phosphosite
CTNNB1_T551,Phosphosite
ARHGEF7_S257,Phosphosite
TSC2_S1386,Phosphosite
TSC2_S664,Phosphosite
TSC2_S939,Phosphosite
C11238,Small-molecule
C00013,Small-molecule
HSPB1,Protein
FOXO3,Protein
MYLK,Kinase
AKT1_S124,Phosphosite
CHUK,Kinase
HSPB1_S82,Phosphosite
FOXO3_S425,Phosphosite
PRKAR2A_S78,Phosphosite
CTNNB1_S191,Phosphosite
TSC2_S1411,Phosphosite
PRKCE_S336,Phosphosite
PRKCE_S334,Phosphosite
SRC_S75,Phosphosite
MYLK_S1773,Phosphosite
GSK3B,Kinase
FYN,Kinase
FOXO1_S256,Phosphosite
ARRB1,Protein
NCK1,Protein
RPS6KA2,Kinase
RAF1_T260,Phosphosite
PDK1,Kinase
FOXO1,Protein
CDKN1B_S178,Phosphosite
PRKCA_T497,Phosphosite
PRKCA_T495,Phosphosite
BRAF_S750,Phosphosite
C01328,Small-molecule
C00035,Small-molecule
AKT1,Kinase
MAPK3,Kinase
GSK3A,Kinase
MTOR,Kinase
MAPK1,Kinase
IKBKB,Kinase
PRKACA,Kinase
PRKCG,Kinase
PAK4,Kinase
PRKCD,Kinase
MAP2K2,Kinase
PXN,Protein
CDKN1B,Protein
HSP90AA1,Protein
YWHAE,Protein
YWHAQ,Protein
PRKAR2A,Protein
ARHGEF7,Protein
PTK2,Protein
BAD_S134,Phosphosite
TSC2,Protein
PRKCA,Kinase
BAD_S118,Phosphosite
PRKCE,Kinase
PAK2,Kinase
MAP2K1,Kinase
PDPK1,Kinase
PAK1,Kinase
PRKCH,Kinase
SRC,Kinase
AKT1_S126,Phosphosite
MAPK3_T202,Phosphosite
GSK3A_S21,Phosphosite
MTOR_S1261,Phosphosite
MTOR_S567,Phosphosite
MAPK1_T185,Phosphosite
MAPK1_S284,Phosphosite
RAF1_S642,Phosphosite
RAF1_S43,Phosphosite
BRAF,Kinase
PRKCT,Kinase
PRKCG_S148,Phosphosite
ARAF,Kinase
PRKCD_S645,Phosphosite
PRKCD_T507,Phosphosite
PRKCD_S664,Phosphosite
CDKN1B_S10,Phosphosite
YWHAZ_S207,Phosphosite
PRKAR2A_S99,Phosphosite
CTNNB1_S675,Phosphosite
CTNNB1_S45,Phosphosite
ARHGEF7_S518,Phosphosite
TSC2_S1388,Phosphosite
PRKCA_S226,Phosphosite
PRKCA_T494,Phosphosite
PRKCE_S234,Phosphosite
PRKCE_S346,Phosphosite
PRKCE_S316,Phosphosite
PRKCE_S368,Phosphosite
PRKCE_S729,Phosphosite
BRAF_S446,Phosphosite
BRAF_S729,Phosphosite
BRAF_S365,Phosphosite
BRAF_S364,Phosphosite
BRAF_S447,Phosphosite
PDPK1_S241,Phosphosite
SRC_S17,Phosphosite
C00076,Small-molecule
C00002,Small-molecule
C00008,Small-molecule
C00044,Small-molecule
YWHAZ,Protein
CTNNB1,Protein
YWHAZ_T232,Phosphosite
CTNNB1_S552,Phosphosite
RAF1,Kinase
RAF1_S259,Phosphosite
STAT3,Protein
STAT3_S727,Phosphosite
BAD_S99,Phosphosite
BAD_S75,Phosphosite
BAD,Protein
